link_id,url,video_id,author,author_url,title,description,duration_sec,view_count,like_count,comment_count,share_count,hashtags,thumbnail_url,fetched_at,fetch_status,fetch_provider,error_message
1,https://www.tiktok.com/@gadgetglimpse/video/7376304558559071530,7376304558559071530,Gadget Glimpse,https://www.tiktok.com/@gadgetglimpse,"Keep your baby’s bottle warm on-the-go! 🍼👶 This portable warmer heats water, formula milk, or breast milk to the perfect temperature in just 5 minutes. With a 7-hour battery life and USB-C charging, it’s ideal for busy parents.  **LINK IN BIO** Available Now: Babymoov Portable Bottle Warmer Moov & Feed Follow @gadgetglimpse to discover more interesting products. #BabyEssentials #TravelWithBaby #ParentingHacks #BabyCare #NewParents ","Keep your baby’s bottle warm on-the-go! 🍼👶 This portable warmer heats water, formula milk, or breast milk to the perfect temperature in just 5 minutes. With a 7-hour battery life and USB-C charging, it’s ideal for busy parents.  **LINK IN BIO** Available Now: Babymoov Portable Bottle Warmer Moov & Feed Follow @gadgetglimpse to discover more interesting products. #BabyEssentials #TravelWithBaby #ParentingHacks #BabyCare #NewParents ",,,,,,"[""BabyEssentials"", ""TravelWithBaby"", ""ParentingHacks"", ""BabyCare"", ""NewParents""]",https://p16-common-sign.tiktokcdn.com/tos-useast5-p-0068-tx/159d8cdabd83431c86d5f35a7f78467e_1717429747~tplv-tiktokx-dmt-logom:tos-useast5-i-0068-tx/oM4jguECsAnsC7kfIyXwyKAIDfA2FHAAOEAMeQ.image?dr=14573&x-expires=1782626400&x-signature=Fz2c5CGisStyB0y9yvJ4SW1XudI%3D&t=4d5b0474&ps=13740610&shp=81f88b70&shcp=43f4a2f9&idc=my,2026-06-26T06:34:31+00:00,ok,oembed,
2,https://www.tiktok.com/@eugenie.strawderman/video/7440471494041275678,7440471494041275678,E U G E N I E ♡,https://www.tiktok.com/@eugenie.strawderman,"PART THREE: Having a portable bottle warmer makes heating your baby's bottles on the go so easy.  This one has a long battery, fits in your diaper bag, and is easy to clean. If you don’t have one yet, I highly recommend getting one during its Black Friday sale ⚡️🙌🏻 #portablebottlewarmer #bolololife #bololoportablebottlewarmer #bololo #exclusivelypumping #blackfriday #pumpingmom #pumpingmama #musthaves #momsoftiktok #momlife #momhack #fyp #fy #foryou #foryoupage ","PART THREE: Having a portable bottle warmer makes heating your baby's bottles on the go so easy.  This one has a long battery, fits in your diaper bag, and is easy to clean. If you don’t have one yet, I highly recommend getting one during its Black Friday sale ⚡️🙌🏻 #portablebottlewarmer #bolololife #bololoportablebottlewarmer #bololo #exclusivelypumping #blackfriday #pumpingmom #pumpingmama #musthaves #momsoftiktok #momlife #momhack #fyp #fy #foryou #foryoupage ",,,,,,"[""portablebottlewarmer"", ""bolololife"", ""bololoportablebottlewarmer"", ""bololo"", ""exclusivelypumping"", ""blackfriday"", ""pumpingmom"", ""pumpingmama"", ""musthaves"", ""momsoftiktok"", ""momlife"", ""momhack"", ""fyp"", ""fy"", ""foryou"", ""foryoupage""]",https://p16-common-sign.tiktokcdn.com/tos-useast8-p-0068-tx2/oYIA7xA3EiNOEXAiO3zCBBYBoIGsK0AfAAoiBI~tplv-tiktokx-dmt-logom:tos-useast8-i-0068-tx2/octIAUQEf4A3EAnbdFdAEiEABD1YfAAzRAC2BV.image?dr=14573&x-expires=1782626400&x-signature=8hT7CKljQJTHuMPqJ0FKCd%2BlMbQ%3D&t=4d5b0474&ps=13740610&shp=81f88b70&shcp=43f4a2f9&idc=my,2026-06-26T06:35:32+00:00,ok,oembed,
3,https://www.tiktok.com/@babybrezza/video/7383388217879383339,7383388217879383339,Baby Brezza,https://www.tiktok.com/@babybrezza,"🍼💡 Baby's milk, perfectly warm with the tap of your phone with the Smart Bottle + Breastmilk Warmer! #smartparenting #bottlewarmer #babybrezza #newparents #babymusthave ","🍼💡 Baby's milk, perfectly warm with the tap of your phone with the Smart Bottle + Breastmilk Warmer! #smartparenting #bottlewarmer #babybrezza #newparents #babymusthave ",,,,,,"[""smartparenting"", ""bottlewarmer"", ""babybrezza"", ""newparents"", ""babymusthave""]",https://p16-common-sign.tiktokcdn.com/tos-useast5-p-0068-tx/o0gOBf0sCiApIHEOMBzwiAm3EoI4AV2NRBwwsQ~tplv-tiktokx-origin.image?dr=14575&x-expires=1782626400&x-signature=9PrdSXh6RVvHN9IiWSydZ2ptg5U%3D&t=4d5b0474&ps=13740610&shp=81f88b70&shcp=43f4a2f9&idc=my,2026-06-26T06:36:33+00:00,ok,oembed,
4,https://www.tiktok.com/@elliamalone/video/7280005363171151146,7280005363171151146,el 🍒 | mama,https://www.tiktok.com/@elliamalone,@momcozy MW03 portable bottle warmer! So great for travel and the perfect size!! #momcozy #momcozybottlewarmer #momcozybottlewarmerreview #bottlewarmer #portablebottlewarmer #bottlewarmerreview #babymusthaves #travelingwithbabies #drbrownsbottles @Dr. Brown's ,@momcozy MW03 portable bottle warmer! So great for travel and the perfect size!! #momcozy #momcozybottlewarmer #momcozybottlewarmerreview #bottlewarmer #portablebottlewarmer #bottlewarmerreview #babymusthaves #travelingwithbabies #drbrownsbottles @Dr. Brown's ,,,,,,"[""momcozy"", ""momcozybottlewarmer"", ""momcozybottlewarmerreview"", ""bottlewarmer"", ""portablebottlewarmer"", ""bottlewarmerreview"", ""babymusthaves"", ""travelingwithbabies"", ""drbrownsbottles""]",https://p16-common-sign.tiktokcdn.com/tos-useast5-p-0068-tx/50d3417989ee4570a71421acbdada935_1695008352~tplv-tiktokx-dmt-logom:tos-useast5-i-0068-tx/oQjEfDSngcACPYxebAlRDAAWIqPdGBQg8wCAsS.image?dr=14573&x-expires=1782626400&x-signature=W1KM42Eck8ynswtEDJsHKrTbV9Q%3D&t=4d5b0474&ps=13740610&shp=81f88b70&shcp=43f4a2f9&idc=my,2026-06-26T06:37:34+00:00,ok,oembed,
5,https://www.tiktok.com/@kaylatwinmom/video/7442474674031693099,7442474674031693099,Kayla | Wife • Twin Mom,https://www.tiktok.com/@kaylatwinmom,this makes being out or on the go for feedings SO MUCH easier🩵#tiktokshopblackfriday #momcozy #bottlewarmer #bottles #drbrowns #drbrownbottles #onthego #momlife #momsoftiktok #twinmom #twinsoftiktok ,this makes being out or on the go for feedings SO MUCH easier🩵#tiktokshopblackfriday #momcozy #bottlewarmer #bottles #drbrowns #drbrownbottles #onthego #momlife #momsoftiktok #twinmom #twinsoftiktok ,,,,,,"[""tiktokshopblackfriday"", ""momcozy"", ""bottlewarmer"", ""bottles"", ""drbrowns"", ""drbrownbottles"", ""onthego"", ""momlife"", ""momsoftiktok"", ""twinmom"", ""twinsoftiktok""]",https://p16-common-sign.tiktokcdn.com/tos-useast5-p-0068-tx/oUtmECRERS3fynaWegDPuQLSIAYn6oDVkC0DFB~tplv-tiktokx-origin.image?dr=14575&x-expires=1782626400&x-signature=m6SBjmASBaL73V19Hxyhex40nqA%3D&t=4d5b0474&ps=13740610&shp=81f88b70&shcp=43f4a2f9&idc=my,2026-06-26T06:38:34+00:00,ok,oembed,
6,https://www.tiktok.com/@beeandtheboys/video/7158923548579499310,7158923548579499310,Bee 🐝,https://www.tiktok.com/@beeandtheboys,My favorite warmer #bottlewarmer #drbrownbottles #drbrowns #liquidgold #colostrum #sickbaby #rsv #rsvawareness #rsvseason #StemDrop001 #FomotionalFinds #breastmilkstillbestforbabies😊 #breastmilksupply #breastmilkisthebestmilk #pumpingmom #pumpingmama #pumpinglife ,My favorite warmer #bottlewarmer #drbrownbottles #drbrowns #liquidgold #colostrum #sickbaby #rsv #rsvawareness #rsvseason #StemDrop001 #FomotionalFinds #breastmilkstillbestforbabies😊 #breastmilksupply #breastmilkisthebestmilk #pumpingmom #pumpingmama #pumpinglife ,,,,,,"[""bottlewarmer"", ""drbrownbottles"", ""drbrowns"", ""liquidgold"", ""colostrum"", ""sickbaby"", ""rsv"", ""rsvawareness"", ""rsvseason"", ""StemDrop001"", ""FomotionalFinds"", ""breastmilkstillbestforbabies"", ""breastmilksupply"", ""breastmilkisthebestmilk"", ""pumpingmom"", ""pumpingmama"", ""pumpinglife""]",https://p16-common-sign.tiktokcdn.com/tos-useast5-p-0068-tx/4dc06e4f240e4126a676418d80f41a4c_1666816796~tplv-tiktokx-dmt-logom:tos-useast5-i-0068-tx/34027e41cbfc4941b08b255694fb35dc.image?dr=14573&x-expires=1782626400&x-signature=VMjTBqPXI8XhpIBqzOP22bziZRw%3D&t=4d5b0474&ps=13740610&shp=81f88b70&shcp=43f4a2f9&idc=my,2026-06-26T06:39:35+00:00,ok,oembed,
7,https://www.tiktok.com/@courtneybb04/video/7426873794754546974,7426873794754546974,courtneybready,https://www.tiktok.com/@courtneybready,Replying to @alissaa.mariee21 Seriously this Momcozy bottle washer is an absolute life saver for us!!!! Hope this helps! #momcozy #momcozybottlewasher #automaticbottlewasher #babyessentials #babymusthaves #momsoftiktok #babiesoftiktok ,Replying to @alissaa.mariee21 Seriously this Momcozy bottle washer is an absolute life saver for us!!!! Hope this helps! #momcozy #momcozybottlewasher #automaticbottlewasher #babyessentials #babymusthaves #momsoftiktok #babiesoftiktok ,,,,,,"[""momcozy"", ""momcozybottlewasher"", ""automaticbottlewasher"", ""babyessentials"", ""babymusthaves"", ""momsoftiktok"", ""babiesoftiktok""]",https://p16-common-sign.tiktokcdn.com/tos-useast8-p-0068-tx2/ad49dd7fc29b49789d383f02e0bbbe96_1729203819~tplv-tiktokx-origin.image?dr=14575&x-expires=1782626400&x-signature=cKIkFhtt2DkgJo6vx9zm3CUvOQs%3D&t=4d5b0474&ps=13740610&shp=81f88b70&shcp=43f4a2f9&idc=my,2026-06-26T06:40:36+00:00,ok,oembed,
8,https://www.tiktok.com/@simply_chella/video/7506642110834281774,7506642110834281774,Chella & Khyron,https://www.tiktok.com/@chellaxkhy,Mommy Essentials @Dr. Brown's got you covered with the bottles and bottle warmer! ,Mommy Essentials @Dr. Brown's got you covered with the bottles and bottle warmer! ,,,,,,[],https://p16-common-sign.tiktokcdn.com/tos-useast5-p-0068-tx/oUZsIn2g0EpGC4Bz8AFibcliIBBBhuAa7wfg2g~tplv-tiktokx-origin.image?dr=14575&x-expires=1782626400&x-signature=MgGtEmZM%2FDzfOtWbD3DH79RqUNY%3D&t=4d5b0474&ps=13740610&shp=81f88b70&shcp=43f4a2f9&idc=my,2026-06-26T06:41:37+00:00,ok,oembed,
9,https://www.tiktok.com/@cupcakegaboo/video/7106665278041394478,7106665278041394478,Gab❤️❤️,https://www.tiktok.com/@cupcakegaboo,This is so much better than regular bottle warmers that take forever to warm milk. @drbrownsbaby fix those leaky bottles. @Baby Brezza has definitely made feedings easier. #fyp #babybrezza #drbownsbottles,This is so much better than regular bottle warmers that take forever to warm milk. @drbrownsbaby fix those leaky bottles. @Baby Brezza has definitely made feedings easier. #fyp #babybrezza #drbownsbottles,,,,,,"[""fyp"", ""babybrezza"", ""drbownsbottles""]",https://p16-common-sign.tiktokcdn.com/tos-useast5-p-0068-tx/ca17e989e8274abf97dc6a121875d785~tplv-tiktokx-origin.image?dr=14575&x-expires=1782626400&x-signature=3dR3pHKZb3eolclkERJ3fvNFr38%3D&t=4d5b0474&ps=13740610&shp=81f88b70&shcp=43f4a2f9&idc=my,2026-06-26T06:42:37+00:00,ok,oembed,
10,https://www.tiktok.com/@claudiadelrio1/video/7472050129772629290,7472050129772629290,Claudia 💕 | SAHM🧩💕,https://www.tiktok.com/@claudiadelrio1,"Try the momcozy portable bottle warmer with me💕😊 This was our first time trying the @Momcozy Official portable bottle warmer! First impression was great! I thought the milk would take a while to warm up but nope! It warmed it within a few minutes, which is great when you have a hangry baby! This is definitely something I didn’t know I needed and am so grateful for! If your baby is like mine and has to have warm milk, a bottle warmer is a must whether it’s for home use or on the go! I will definitely be packing this in the diaper bag permanently and using it everywhere we go! 😊 #secondtimemom #boymom #bottlewarmer #momcozy #onthego #drbrowns #drbrownbottles #evenflo ","Try the momcozy portable bottle warmer with me💕😊 This was our first time trying the @Momcozy Official portable bottle warmer! First impression was great! I thought the milk would take a while to warm up but nope! It warmed it within a few minutes, which is great when you have a hangry baby! This is definitely something I didn’t know I needed and am so grateful for! If your baby is like mine and has to have warm milk, a bottle warmer is a must whether it’s for home use or on the go! I will definitely be packing this in the diaper bag permanently and using it everywhere we go! 😊 #secondtimemom #boymom #bottlewarmer #momcozy #onthego #drbrowns #drbrownbottles #evenflo ",,,,,,"[""secondtimemom"", ""boymom"", ""bottlewarmer"", ""momcozy"", ""onthego"", ""drbrowns"", ""drbrownbottles"", ""evenflo""]",https://p16-common-sign.tiktokcdn.com/tos-useast5-p-0068-tx/o4QCh2ACciabABJAYz3XIwwAciEQfB3BIyDi9L~tplv-tiktokx-origin.image?dr=14575&x-expires=1782626400&x-signature=p3CAaXIbA6h%2FACN0vyefADmIf%2BI%3D&t=4d5b0474&ps=13740610&shp=81f88b70&shcp=43f4a2f9&idc=my,2026-06-26T06:43:39+00:00,ok,oembed,
11,https://www.tiktok.com/@brbvicky/video/7516360043470654750,7516360043470654750,brbvicky,,,,,,,,,,,,failed,,[SSL: UNEXPECTED_EOF_WHILE_READING] EOF occurred in violation of protocol (_ssl.c:1010)
12,https://www.tiktok.com/@racheljoanmyers/video/7462847085394644270,7462847085394644270,racheljoanmyers,,,,,,,,,,,,failed,,[SSL: UNEXPECTED_EOF_WHILE_READING] EOF occurred in violation of protocol (_ssl.c:1010)
13,https://www.tiktok.com/@chels_morgan97/video/7431553642110487838,7431553642110487838,chels_morgan97,,,,,,,,,,,,failed,,[SSL: UNEXPECTED_EOF_WHILE_READING] EOF occurred in violation of protocol (_ssl.c:1010)
14,https://www.tiktok.com/@adiiariiss/video/7295379796677201183,7295379796677201183,adiiariiss,,,,,,,,,,,,failed,,[SSL: UNEXPECTED_EOF_WHILE_READING] EOF occurred in violation of protocol (_ssl.c:1010)
15,https://www.tiktok.com/@kimberly.michellee/video/7460374667765894442,7460374667765894442,kimberly.michellee,,,,,,,,,,,,failed,,[SSL: UNEXPECTED_EOF_WHILE_READING] EOF occurred in violation of protocol (_ssl.c:1010)
16,https://www.tiktok.com/@lazykelly/video/7229018143182785838,7229018143182785838,lazykelly,,,,,,,,,,,,failed,,[SSL: UNEXPECTED_EOF_WHILE_READING] EOF occurred in violation of protocol (_ssl.c:1010)
17,https://www.tiktok.com/@theinmanfamblog/video/7246038193051553067,7246038193051553067,The Inman Fam,https://www.tiktok.com/@theinmanfamblog,Momcozy bottle warmers are *chef’s kiss* so easy and fast to use and work perfectly every time! #bottlewarmer #pumpingmom #pumpingjourney #pumpingmama #pumptok #justenougher #oversupplier #undersupplier #pumpjourney #breastfeedingjourney #pumpingtips #pumpinghacks #pumpingtip #breastfeedingtips #breastfeedinghack #bottlefeeding #bottlefeedingtips #momsoftiktok #momtip #newmomtip #breastfeeding ,Momcozy bottle warmers are *chef’s kiss* so easy and fast to use and work perfectly every time! #bottlewarmer #pumpingmom #pumpingjourney #pumpingmama #pumptok #justenougher #oversupplier #undersupplier #pumpjourney #breastfeedingjourney #pumpingtips #pumpinghacks #pumpingtip #breastfeedingtips #breastfeedinghack #bottlefeeding #bottlefeedingtips #momsoftiktok #momtip #newmomtip #breastfeeding ,,,,,,"[""bottlewarmer"", ""pumpingmom"", ""pumpingjourney"", ""pumpingmama"", ""pumptok"", ""justenougher"", ""oversupplier"", ""undersupplier"", ""pumpjourney"", ""breastfeedingjourney"", ""pumpingtips"", ""pumpinghacks"", ""pumpingtip"", ""breastfeedingtips"", ""breastfeedinghack"", ""bottlefeeding"", ""bottlefeedingtips"", ""momsoftiktok"", ""momtip"", ""newmomtip"", ""breastfeeding""]",https://p16-common-sign.tiktokcdn.com/tos-useast5-p-0068-tx/91ed7e92d2e342b1816bcc5203120c3a_1687099758~tplv-tiktokx-dmt-logom:tos-useast5-i-0068-tx/87fc047d712b4881bd1e86b91b2dfc84.image?dr=14573&x-expires=1782626400&x-signature=IHzKxOTQW%2FMGBJ8N7L6XrJX%2B0B4%3D&t=4d5b0474&ps=13740610&shp=81f88b70&shcp=43f4a2f9&idc=my,2026-06-26T06:46:39+00:00,ok,oembed,
18,https://www.tiktok.com/@theregistrymama/video/7456447365608639774,7456447365608639774,theregistrymama,,,,,,,,,,,,failed,,"Client error '400 Bad Request' for url 'https://www.tiktok.com/oembed?url=https%3A%2F%2Fwww.tiktok.com%2F%40theregistrymama%2Fvideo%2F7456447365608639774'
For more information check: https://developer.mozilla.org/en-US/docs/Web/HTTP/Status/400"
19,https://www.tiktok.com/@loveeprinny/video/7439535973635050783,7439535973635050783,Princess | Mom & Lifestyle 💓,https://www.tiktok.com/@loveeprinny,Portable Milk & Water Warmer is on sale! Get yours & a FREE Hip Carrier for your baby! Make sure you clip both coupons! #momcozymilkwarmer #momcozy #momsoftiktok #momlife #portablemilkwarmer #tiktokshopblackfriday #tiktokshopcybermonday ,Portable Milk & Water Warmer is on sale! Get yours & a FREE Hip Carrier for your baby! Make sure you clip both coupons! #momcozymilkwarmer #momcozy #momsoftiktok #momlife #portablemilkwarmer #tiktokshopblackfriday #tiktokshopcybermonday ,,,,,,"[""momcozymilkwarmer"", ""momcozy"", ""momsoftiktok"", ""momlife"", ""portablemilkwarmer"", ""tiktokshopblackfriday"", ""tiktokshopcybermonday""]",https://p16-common-sign.tiktokcdn.com/tos-useast8-p-0068-tx2/b775295469404d68b290f9e1c533de23_1732151969~tplv-tiktokx-dmt-logom:tos-useast8-i-0068-tx2/osGJULQxAC5eBAf7pcXGAsUeyAIRQAf1GRidIA.image?dr=14573&x-expires=1782626400&x-signature=QiGOP%2FhHVyuzGhcMBbSmfjBQvwM%3D&t=4d5b0474&ps=13740610&shp=81f88b70&shcp=43f4a2f9&idc=my,2026-06-26T06:48:40+00:00,ok,oembed,
20,https://www.tiktok.com/@the_health_plug/video/7501454276888120622,7501454276888120622,the_health_plug,,,,,,,,,,,,failed,,[SSL: UNEXPECTED_EOF_WHILE_READING] EOF occurred in violation of protocol (_ssl.c:1010)
21,https://www.tiktok.com/@h.a.branson/video/7467639437304859950,7467639437304859950,Hailey,https://www.tiktok.com/@h.a.branson,Did I do this right? Here are my ✨thoughts✨ @Baby Brezza  #BabyBrezza #BottleWarmer #BabyEssentials #ParentingHacks #MomLife #DadLife #BabyGear #ParentingMadeEasy #MomOnTheGo #BabyProducts #PortableBottleWarmer #MomMustHaves #NewParentEssentials #InfantCare #BabyTech #BabyLifeHacks #BabyRegistry #NoColdBottles   ,Did I do this right? Here are my ✨thoughts✨ @Baby Brezza  #BabyBrezza #BottleWarmer #BabyEssentials #ParentingHacks #MomLife #DadLife #BabyGear #ParentingMadeEasy #MomOnTheGo #BabyProducts #PortableBottleWarmer #MomMustHaves #NewParentEssentials #InfantCare #BabyTech #BabyLifeHacks #BabyRegistry #NoColdBottles   ,,,,,,"[""BabyBrezza"", ""BottleWarmer"", ""BabyEssentials"", ""ParentingHacks"", ""MomLife"", ""DadLife"", ""BabyGear"", ""ParentingMadeEasy"", ""MomOnTheGo"", ""BabyProducts"", ""PortableBottleWarmer"", ""MomMustHaves"", ""NewParentEssentials"", ""InfantCare"", ""BabyTech"", ""BabyLifeHacks"", ""BabyRegistry"", ""NoColdBottles""]",https://p16-common-sign.tiktokcdn.com/tos-useast5-p-0068-tx/oAoAiBilrCBpRQg7eYyZi1iDf0SBqnIEY8EZSZ~tplv-tiktokx-origin.image?dr=14575&x-expires=1782626400&x-signature=ZTHkR6cDpZch5DMC%2B7vRyoCOW7o%3D&t=4d5b0474&ps=13740610&shp=81f88b70&shcp=43f4a2f9&idc=my,2026-06-26T06:50:42+00:00,ok,oembed,
22,https://www.tiktok.com/@lloyd__co/video/7335273528473783595,7335273528473783595,Lloyd Co - Boy Mom 🫶,https://www.tiktok.com/@lloyd__co,The Baby Brezza bottle warmer is always more of a science experiment than I care for 🍼🔥 #breastfeedingprobs #breastfeedingworkingmom #exclusivepumpingmama #babybrezza ,The Baby Brezza bottle warmer is always more of a science experiment than I care for 🍼🔥 #breastfeedingprobs #breastfeedingworkingmom #exclusivepumpingmama #babybrezza ,,,,,,"[""breastfeedingprobs"", ""breastfeedingworkingmom"", ""exclusivepumpingmama"", ""babybrezza""]",https://p16-common-sign.tiktokcdn.com/tos-useast5-p-0068-tx/3e23dcc2dc9d40c2bc5a82c5e1ad249e_1707876484~tplv-tiktokx-origin.image?dr=14575&x-expires=1782626400&x-signature=lMgn%2BHwe6s9iy593Tqtie4IbGkk%3D&t=4d5b0474&ps=13740610&shp=81f88b70&shcp=43f4a2f9&idc=my,2026-06-26T06:51:42+00:00,ok,oembed,
23,https://www.tiktok.com/@tiffanymariekohut/video/7476987220591660319,7476987220591660319,Tiffany Marie,https://www.tiktok.com/@tiffanymariekohut,Are they essentially the same?? Which one do I go with?!😂🫠 #babybrezza #babybrezzasterilizer #momcozy #momcozysterilizer ,Are they essentially the same?? Which one do I go with?!😂🫠 #babybrezza #babybrezzasterilizer #momcozy #momcozysterilizer ,,,,,,"[""babybrezza"", ""babybrezzasterilizer"", ""momcozy"", ""momcozysterilizer""]",https://p16-common-sign.tiktokcdn.com/tos-useast8-p-0068-tx2/ocZJBcdOEnXiA8AESAvRDmEFGiYA7iABDzlI7~tplv-tiktokx-dmt-logom:tos-useast8-i-0068-tx2/ocACTeBfjPEGDqImEVDDeCFzAFthAAkE85mAII.image?dr=14573&x-expires=1782626400&x-signature=QjvLDaQNKVqavo0nrMaKIX9cBaw%3D&t=4d5b0474&ps=13740610&shp=81f88b70&shcp=43f4a2f9&idc=my,2026-06-26T06:52:43+00:00,ok,oembed,
24,https://www.tiktok.com/@gladysmamacita/video/7423195910550605102,7423195910550605102,gladysmamacita 🌺,https://www.tiktok.com/@gladysmamacita,Replying to @4llisin #bottlewarmer #portablebottlewarmer #breastmilk #momcozy #momcozyreview #honestreview #breastmilkstorage #babyregistrymusthaves #momsoftiktok #pumpingmilk #bololo @Momcozy Official   ,Replying to @4llisin #bottlewarmer #portablebottlewarmer #breastmilk #momcozy #momcozyreview #honestreview #breastmilkstorage #babyregistrymusthaves #momsoftiktok #pumpingmilk #bololo @Momcozy Official   ,,,,,,"[""bottlewarmer"", ""portablebottlewarmer"", ""breastmilk"", ""momcozy"", ""momcozyreview"", ""honestreview"", ""breastmilkstorage"", ""babyregistrymusthaves"", ""momsoftiktok"", ""pumpingmilk"", ""bololo""]",https://p16-common-sign.tiktokcdn.com/tos-useast5-p-0068-tx/ebe48993c8084587b89c95134ba8a8f4_1728347487~tplv-tiktokx-dmt-logom:tos-useast5-i-0068-tx/oAkqwAkMOEenOYAWQAAPfAQeIHtR8CYAcjgrA3.image?dr=14573&x-expires=1782626400&x-signature=edoGCLNPs3dRSv6xociqXXNjdNQ%3D&t=4d5b0474&ps=13740610&shp=81f88b70&shcp=43f4a2f9&idc=my,2026-06-26T06:53:44+00:00,ok,oembed,
25,https://www.tiktok.com/@jewelpovey/video/7389367451684736286,7389367451684736286,jewelpovey,,,,,,,,,,,,failed,,"Client error '400 Bad Request' for url 'https://www.tiktok.com/oembed?url=https%3A%2F%2Fwww.tiktok.com%2F%40jewelpovey%2Fvideo%2F7389367451684736286'
For more information check: https://developer.mozilla.org/en-US/docs/Web/HTTP/Status/400"
26,https://www.tiktok.com/@montessori_by_june/video/7225989196735991086,7225989196735991086,Montessori_by_june,https://www.tiktok.com/@montessori_by_june,The product I didn’t know I needed until now!  With Hazel I rarely used my frozen breastmilk because it was such a hassle to thaw it in water or remember to move it to the fridge the night before. With the Momcozy bottle warmer it literally takes minutes and the milk is the perfect temperature to feed your baby!  Do you use a bottle warmer?  Use code: rileyjune10 for 25% OFF site wide Link: https://bit.ly/3KsvSJL Use code: riley35F for 35% OFF bottle warmer Link: https://bit.ly/3zVnqOA Amazon: https://amzn.to/3KIpSge #MomcozyWarmer #MomcozyNutri #MomcozySmartWarmer ,The product I didn’t know I needed until now!  With Hazel I rarely used my frozen breastmilk because it was such a hassle to thaw it in water or remember to move it to the fridge the night before. With the Momcozy bottle warmer it literally takes minutes and the milk is the perfect temperature to feed your baby!  Do you use a bottle warmer?  Use code: rileyjune10 for 25% OFF site wide Link: https://bit.ly/3KsvSJL Use code: riley35F for 35% OFF bottle warmer Link: https://bit.ly/3zVnqOA Amazon: https://amzn.to/3KIpSge #MomcozyWarmer #MomcozyNutri #MomcozySmartWarmer ,,,,,,"[""MomcozyWarmer"", ""MomcozyNutri"", ""MomcozySmartWarmer""]",https://p16-common-sign.tiktokcdn.com/tos-useast5-p-0068-tx/f1384b17e2744f95970d7e3c8fb81647_1682431729~tplv-tiktokx-origin.image?dr=14575&x-expires=1782626400&x-signature=f50cG%2Fu6YBnLntIFQHkPqqrXbC0%3D&t=4d5b0474&ps=13740610&shp=81f88b70&shcp=43f4a2f9&idc=my,2026-06-26T06:55:45+00:00,ok,oembed,
27,https://www.tiktok.com/@maceylin/video/7510017836069408046,7510017836069408046,Macey Lin🦇,https://www.tiktok.com/@maceylin,"And you don’t have the expensive price tag of the formula dispenser or the constant maintenance. Win, win. ","And you don’t have the expensive price tag of the formula dispenser or the constant maintenance. Win, win. ",,,,,,[],https://p16-common-sign.tiktokcdn.com/tos-useast5-p-0068-tx/oUfokKREEhDOF4jE88FEhIEXDWseIgBvPzCSJA~tplv-tiktokx-origin.image?dr=14575&x-expires=1782626400&x-signature=mbZA4VQfZMV2o9wP9ndoZh5%2BlTE%3D&t=4d5b0474&ps=13740610&shp=81f88b70&shcp=43f4a2f9&idc=my,2026-06-26T06:56:46+00:00,ok,oembed,
28,https://www.tiktok.com/@momlifeandmonique/video/7462773467201473822,7462773467201473822,momlifeandmonique,,,,,,,,,,,,failed,,"Client error '400 Bad Request' for url 'https://www.tiktok.com/oembed?url=https%3A%2F%2Fwww.tiktok.com%2F%40momlifeandmonique%2Fvideo%2F7462773467201473822'
For more information check: https://developer.mozilla.org/en-US/docs/Web/HTTP/Status/400"
29,https://www.tiktok.com/@helebell511/video/7400367780178038047,7400367780178038047,Helen | MOM LIFE + HACKS,https://www.tiktok.com/@helebell511,‼️ 50% OFF ‼️ Use helenbw10 (10% off+ 10-15% coupon)  on Azmn now for amazingly good savings limited time!! 🍼🙌👩‍🔬 #momcozy#momcozybottlewarmer #b#bottlewarmer#babybottlewarmerabyregistrymusthaves #bottlefedbabies #newmom #exclusivelypumping #pumpingmom #liquidgold #milkwarmerbaby #bottlewarmerreview @Momcozy Official ,‼️ 50% OFF ‼️ Use helenbw10 (10% off+ 10-15% coupon)  on Azmn now for amazingly good savings limited time!! 🍼🙌👩‍🔬 #momcozy#momcozybottlewarmer #b#bottlewarmer#babybottlewarmerabyregistrymusthaves #bottlefedbabies #newmom #exclusivelypumping #pumpingmom #liquidgold #milkwarmerbaby #bottlewarmerreview @Momcozy Official ,,,,,,"[""momcozy"", ""momcozybottlewarmer"", ""b"", ""bottlewarmer"", ""babybottlewarmerabyregistrymusthaves"", ""bottlefedbabies"", ""newmom"", ""exclusivelypumping"", ""pumpingmom"", ""liquidgold"", ""milkwarmerbaby"", ""bottlewarmerreview""]",https://p16-common-sign.tiktokcdn.com/tos-useast8-p-0068-tx2/oUrE1GLGiBYWGqdz0wiWAGIiIA9cByHfC3Azlb~tplv-tiktokx-origin.image?dr=14575&x-expires=1782626400&x-signature=0sASteUU0aIwbG9dNRXACL7n%2BQI%3D&t=4d5b0474&ps=13740610&shp=81f88b70&shcp=43f4a2f9&idc=my,2026-06-26T06:58:47+00:00,ok,oembed,
30,https://www.tiktok.com/@itstheleefam/video/7502495667516984607,7502495667516984607,The Lee Fam 🦖,https://www.tiktok.com/@itstheleefam,"TLDR; Get the Baby Brezza Air Swirl and not the Philips Avent one. No mess and heats the bottle to the perfect temp every time 😌 ALSO if you are planning to use Dr. Brown’s bottles - the tall ones do not fit in Philips Avent !  If you’re expecting or a new parent, this is for you! A bottle warmer can make feeding time so much easier. Whether you’re warming breast milk or formula, getting the temperature just right makes a BIG difference. We started with the Philips Avent Bottle Warmer. It did the job, but since it uses water to heat bottles, we often ended up with overheated milk and a bit of a mess—water would drip everywhere when we took the bottle out. The dial is based on how much liquid is in the bottle, but we found it pretty inconsistent. There was no timer or indicator when it was done so it would often overheat the bottle. Plus, it didn’t quite fit taller bottles like the 8oz Dr. Brown’s. 🤔 Then we came across the Baby Brezza Air Swirl and honestly, it’s been a game changer. It uses circulating hot air (no water!), which means more even heating and no hot spots. It fits our tall bottles, has a super clear timer guide, and gets the temp just right (with a little trial and error). It’s a bit noisier and needs a flat surface, but we’re totally fine with that trade-off. There are a bunch of options out there, but if you’re choosing between water and air-based warmers, we’re definitely team hot air! 🔥💨 #thisnotthat #newparenttips #parenthacks #babygear #bottlewarmer #babyregistry ","TLDR; Get the Baby Brezza Air Swirl and not the Philips Avent one. No mess and heats the bottle to the perfect temp every time 😌 ALSO if you are planning to use Dr. Brown’s bottles - the tall ones do not fit in Philips Avent !  If you’re expecting or a new parent, this is for you! A bottle warmer can make feeding time so much easier. Whether you’re warming breast milk or formula, getting the temperature just right makes a BIG difference. We started with the Philips Avent Bottle Warmer. It did the job, but since it uses water to heat bottles, we often ended up with overheated milk and a bit of a mess—water would drip everywhere when we took the bottle out. The dial is based on how much liquid is in the bottle, but we found it pretty inconsistent. There was no timer or indicator when it was done so it would often overheat the bottle. Plus, it didn’t quite fit taller bottles like the 8oz Dr. Brown’s. 🤔 Then we came across the Baby Brezza Air Swirl and honestly, it’s been a game changer. It uses circulating hot air (no water!), which means more even heating and no hot spots. It fits our tall bottles, has a super clear timer guide, and gets the temp just right (with a little trial and error). It’s a bit noisier and needs a flat surface, but we’re totally fine with that trade-off. There are a bunch of options out there, but if you’re choosing between water and air-based warmers, we’re definitely team hot air! 🔥💨 #thisnotthat #newparenttips #parenthacks #babygear #bottlewarmer #babyregistry ",,,,,,"[""thisnotthat"", ""newparenttips"", ""parenthacks"", ""babygear"", ""bottlewarmer"", ""babyregistry""]",https://p16-common-sign.tiktokcdn.com/tos-useast8-p-0068-tx2/o8IeQAEARO5HASDoiFAjf0uBUgvE0EAAVMjDCY~tplv-tiktokx-origin.image?dr=14575&x-expires=1782626400&x-signature=lH5xFvrhJ2oYsh6wmkflhLpBg1k%3D&t=4d5b0474&ps=13740610&shp=81f88b70&shcp=43f4a2f9&idc=my,2026-06-26T06:59:48+00:00,ok,oembed,
31,https://www.tiktok.com/@courtneyy__k/video/7464258420884000030,7464258420884000030,Courtney l UGC,https://www.tiktok.com/@courtneyy__k,Baby Brezza AirSwirl Bottle Warmer has been a favorite baby registry find for us! I love that it heats the milk evenly with no water & no damage to breastmilk. No scale or bacteria build up since it is waterless. A must have for your baby registry! Code: COURTNEYY15OFF for $15 off your order🤍 @Baby Brezza #babyregistry #babyregistrymusthaves #ad #sponsor #mybrezzamoments ,Baby Brezza AirSwirl Bottle Warmer has been a favorite baby registry find for us! I love that it heats the milk evenly with no water & no damage to breastmilk. No scale or bacteria build up since it is waterless. A must have for your baby registry! Code: COURTNEYY15OFF for $15 off your order🤍 @Baby Brezza #babyregistry #babyregistrymusthaves #ad #sponsor #mybrezzamoments ,,,,,,"[""babyregistry"", ""babyregistrymusthaves"", ""ad"", ""sponsor"", ""mybrezzamoments""]",https://p16-common-sign.tiktokcdn.com/tos-useast8-p-0068-tx2/o0Cif6B7iA3ryXWXAIVsABaCI9jEIKAvAzycQi~tplv-tiktokx-origin.image?dr=14575&x-expires=1782630000&x-signature=Zwsrnf0Q4x4lyKX29WTorYFGqLo%3D&t=4d5b0474&ps=13740610&shp=81f88b70&shcp=43f4a2f9&idc=my,2026-06-26T07:00:49+00:00,ok,oembed,
32,https://www.tiktok.com/@twin_mama6/video/7492145649266347306,7492145649266347306,Twin_Mama,https://www.tiktok.com/@twin_mama6,Help!!!! #bottlecleaning #twins #fyp #drbrowns #momcozy #momlife #mom #newmom ,Help!!!! #bottlecleaning #twins #fyp #drbrowns #momcozy #momlife #mom #newmom ,,,,,,"[""bottlecleaning"", ""twins"", ""fyp"", ""drbrowns"", ""momcozy"", ""momlife"", ""mom"", ""newmom""]",https://p16-common-sign.tiktokcdn.com/tos-useast5-p-0068-tx/o0XCLILd51nARqlcEdiSBifERDuBYglSjEfD12~tplv-tiktokx-origin.image?dr=14575&x-expires=1782630000&x-signature=iO8hJgtdDcpWqzCo4XPby5MG7OI%3D&t=4d5b0474&ps=13740610&shp=81f88b70&shcp=43f4a2f9&idc=my,2026-06-26T07:01:50+00:00,ok,oembed,
33,https://www.tiktok.com/@mady.motherhood/video/7521765085048540447,7521765085048540447,mady.motherhood,,,,,,,,,,,,failed,,[SSL: UNEXPECTED_EOF_WHILE_READING] EOF occurred in violation of protocol (_ssl.c:1010)
34,https://www.tiktok.com/@monikalili/video/7518352252461927694,7518352252461927694,monikalili,https://www.tiktok.com/@monikalili,Warm breastmilk or formula anywhere — even on a plane.  #momcozy #milkwarmer #bottlewarmer #fyp ,Warm breastmilk or formula anywhere — even on a plane.  #momcozy #milkwarmer #bottlewarmer #fyp ,,,,,,"[""momcozy"", ""milkwarmer"", ""bottlewarmer"", ""fyp""]",https://p19-common-sign.tiktokcdn.com/tos-useast5-p-0068-tx/oI4QrJGoIHCIbSy0eIAAQu7LvRt7CYfqfc9jkG~tplv-tiktokx-origin.image?dr=14575&x-expires=1782630000&x-signature=P83fz0T9YmOQOlQKeQzeEBapQIY%3D&t=4d5b0474&ps=13740610&shp=81f88b70&shcp=43f4a2f9&idc=my,2026-06-26T07:03:20+00:00,ok,oembed,
35,https://www.tiktok.com/@thebabygearconsultant/video/7472253596185398574,7472253596185398574,Rebekah | Baby Gear Consultant,https://www.tiktok.com/@thebabygearconsultant,"Replying to @misschicasstyles Here are my favorite wearable breast pumps as an IBCLC, lactation consultant, Baby Gear Expert, Baby Registrt Consultant and Baby Product Tester who’s been working in the industry for over 10 years.  @eufybaby S1 Pro @Momcozy Official M5 @Willow Pump Go #babygearexpert #babyregistry #babyproducts #babyregistrytips #ibclc #lactationconsultant #pumpingmom #breastfeeding #inducinglactation #exclusivelypumping #breastmilk ","Replying to @misschicasstyles Here are my favorite wearable breast pumps as an IBCLC, lactation consultant, Baby Gear Expert, Baby Registrt Consultant and Baby Product Tester who’s been working in the industry for over 10 years.  @eufybaby S1 Pro @Momcozy Official M5 @Willow Pump Go #babygearexpert #babyregistry #babyproducts #babyregistrytips #ibclc #lactationconsultant #pumpingmom #breastfeeding #inducinglactation #exclusivelypumping #breastmilk ",,,,,,"[""babygearexpert"", ""babyregistry"", ""babyproducts"", ""babyregistrytips"", ""ibclc"", ""lactationconsultant"", ""pumpingmom"", ""breastfeeding"", ""inducinglactation"", ""exclusivelypumping"", ""breastmilk""]",https://p16-common-sign.tiktokcdn.com/tos-useast5-p-0068-tx/oYy96iBIJBzC2ICOxwASA8zKEfIZoNBiIgIAWA~tplv-tiktokx-dmt-logom:tos-useast5-i-0068-tx/oUCEEAFCEFA5IsAgIRODSyeSsjxAcunykDCfCz.image?dr=14573&x-expires=1782630000&x-signature=yB%2BwPO6MiCY5ThN2BBA2DZnrnkw%3D&t=4d5b0474&ps=13740610&shp=81f88b70&shcp=43f4a2f9&idc=my,2026-06-26T07:04:21+00:00,ok,oembed,
36,https://www.tiktok.com/@themilknest/video/7434209692466826526,7434209692466826526,"Nicole Butera, CBS",https://www.tiktok.com/@themilknest,Just off personal and professional insight. ✨ If you’d like to hear my full thoughts on most of these please look at my  •#1 pump review highlight •#2 pump review highlight •#3 pump review highlight  On IG: themilknest I’d love to hear which one you have and your thoughts! 🥰 . . . . . . #breastfeeding #pumpingmom #exclusivelypumping,Just off personal and professional insight. ✨ If you’d like to hear my full thoughts on most of these please look at my  •#1 pump review highlight •#2 pump review highlight •#3 pump review highlight  On IG: themilknest I’d love to hear which one you have and your thoughts! 🥰 . . . . . . #breastfeeding #pumpingmom #exclusivelypumping,,,,,,"[""1"", ""2"", ""3"", ""breastfeeding"", ""pumpingmom"", ""exclusivelypumping""]",https://p16-common-sign.tiktokcdn.com/tos-useast8-p-0068-tx2/osAMOVACfYTzIE4kbezIeiAAQFq0cnAhTA8Xj8~tplv-tiktokx-origin.image?dr=14575&x-expires=1782630000&x-signature=w%2BXUaV2aWdbfH5m7dqDbDTQmsTo%3D&t=4d5b0474&ps=13740610&shp=81f88b70&shcp=43f4a2f9&idc=my,2026-06-26T07:05:22+00:00,ok,oembed,
37,https://www.tiktok.com/@joannafranken/video/7491562905360502034,7491562905360502034,joannalalabella on ig,https://www.tiktok.com/@joannafranken,Why flange size matters? Reminder to always check your flange size for optimal results!! 🥰💫 #pumpingmom #motherhood #postpartumjourney #oversupplier #oversupply #asmr #pumpandpour #momlife #exclusivelypumping #lactationsupport #lactation ,Why flange size matters? Reminder to always check your flange size for optimal results!! 🥰💫 #pumpingmom #motherhood #postpartumjourney #oversupplier #oversupply #asmr #pumpandpour #momlife #exclusivelypumping #lactationsupport #lactation ,,,,,,"[""pumpingmom"", ""motherhood"", ""postpartumjourney"", ""oversupplier"", ""oversupply"", ""asmr"", ""pumpandpour"", ""momlife"", ""exclusivelypumping"", ""lactationsupport"", ""lactation""]",https://p16-common-sign.tiktokcdn.com/tos-alisg-p-0037/oI83UPgIikBAeUki7zCRDnYBzAbBREAAEOMlf7~tplv-tiktokx-origin.image?dr=14575&x-expires=1782630000&x-signature=5AqkFsVqLvdOZuyNUaTkPumjwIk%3D&t=4d5b0474&ps=13740610&shp=81f88b70&shcp=43f4a2f9&idc=my,2026-06-26T07:06:22+00:00,ok,oembed,
